{"cameraMode":{"drawMode":0,"name":"Shaded","section":"Shading Mode"},"sceneLighting":true,"audioPlay":false,"sceneViewState":{"showFog":false,"showMaterialUpdate":false,"showSkybox":false,"showFlares":false,"showImageEffects":false,"showParticleSystems":false},"in2DMode":false,"pivot":{"x":547.215576171875,"y":-53.7442626953125,"z":2552.509521484375},"rotation":{"x":0.12125558406114578,"y":-0.06398290395736695,"z":0.007832507602870465,"w":0.9905266165733337},"size":1991.5242919921875,"orthographic":false}