{"cameraMode":{"drawMode":0,"name":"Shaded","section":"Shading Mode"},"sceneLighting":true,"audioPlay":false,"sceneViewState":{"showFog":false,"showMaterialUpdate":false,"showSkybox":false,"showFlares":false,"showImageEffects":false,"showParticleSystems":false},"in2DMode":false,"pivot":{"x":2.093111038208008,"y":-2.9589357376098635,"z":-1.6126508712768555},"rotation":{"x":0.372484415769577,"y":0.6273302435874939,"z":-0.493245929479599,"w":0.4737403392791748},"size":6.854600429534912,"orthographic":false}