{"cameraMode":{"drawMode":0,"name":"Shaded","section":"Shading Mode"},"sceneLighting":true,"audioPlay":false,"sceneViewState":{"showFog":false,"showMaterialUpdate":false,"showSkybox":false,"showFlares":false,"showImageEffects":false,"showParticleSystems":false},"in2DMode":false,"pivot":{"x":-1.393518090248108,"y":-1.6380071640014649,"z":-0.08447027206420899},"rotation":{"x":0.04056086018681526,"y":0.8085439801216126,"z":-0.5843482613563538,"w":0.0561225563287735},"size":8.187259674072266,"orthographic":false}