{"cameraMode":{"drawMode":0,"name":"Shaded","section":"Shading Mode"},"sceneLighting":true,"audioPlay":false,"sceneViewState":{"showFog":true,"showMaterialUpdate":false,"showSkybox":true,"showFlares":true,"showImageEffects":true,"showParticleSystems":true},"in2DMode":false,"pivot":{"x":1.40388822555542,"y":-0.631279468536377,"z":-1.0319476127624512},"rotation":{"x":-0.09451239556074143,"y":0.9051778316497803,"z":-0.2803114354610443,"w":-0.3051983714103699},"size":4.4513678550720219,"orthographic":false}