{"cameraMode":{"drawMode":0,"name":"Shaded","section":"Shading Mode"},"sceneLighting":true,"audioPlay":false,"sceneViewState":{"showFog":false,"showMaterialUpdate":false,"showSkybox":false,"showFlares":false,"showImageEffects":false,"showParticleSystems":false},"in2DMode":false,"pivot":{"x":-0.7468745708465576,"y":-0.3105783462524414,"z":2.478285312652588},"rotation":{"x":0.00016602162213530391,"y":0.8327245712280273,"z":-0.5537146925926209,"w":0.00025237994850613177},"size":5.609853267669678,"orthographic":false}