{"cameraMode":{"drawMode":0,"name":"Shaded","section":"Shading Mode"},"sceneLighting":true,"audioPlay":false,"sceneViewState":{"showFog":false,"showMaterialUpdate":false,"showSkybox":false,"showFlares":false,"showImageEffects":false,"showParticleSystems":false},"in2DMode":false,"pivot":{"x":-1.375063419342041,"y":0.7305526733398438,"z":-0.31085842847824099},"rotation":{"x":0.3836367726325989,"y":0.5991188883781433,"z":-0.3957936763763428,"w":0.5807149410247803},"size":5.131981372833252,"orthographic":false}