{"cameraMode":{"drawMode":0,"name":"Shaded","section":"Shading Mode"},"sceneLighting":true,"audioPlay":false,"sceneViewState":{"showFog":false,"showMaterialUpdate":false,"showSkybox":false,"showFlares":false,"showImageEffects":false,"showParticleSystems":false},"in2DMode":false,"pivot":{"x":-1.7040090560913087,"y":1.3400869369506837,"z":1.0756127834320069},"rotation":{"x":0.29196465015411379,"y":0.7076399922370911,"z":-0.46900996565818789,"w":0.4405031204223633},"size":6.565497398376465,"orthographic":false}