{"cameraMode":{"drawMode":0,"name":"Shaded","section":"Shading Mode"},"sceneLighting":true,"audioPlay":false,"sceneViewState":{"showFog":false,"showMaterialUpdate":false,"showSkybox":false,"showFlares":false,"showImageEffects":false,"showParticleSystems":false},"in2DMode":false,"pivot":{"x":0.6048924922943115,"y":-2.0959787368774416,"z":0.4363994598388672},"rotation":{"x":-0.031204598024487497,"y":0.8834640383720398,"z":-0.46366432309150698,"w":-0.059457603842020038},"size":9.00999927520752,"orthographic":false}